Domain Code,Domain,Area Code (FAO),Area,Element Code,Element,Item Code,Item,Year Code,Year,Unit,Value,Flag,Flag Description
"LC","Land Cover","44","Colombia","5006","Area from CGLS","6970","Artificial surfaces (including urban and associated areas)","2015","2015","1000 ha","280.0626","FC","Calculated data"
"LC","Land Cover","44","Colombia","5006","Area from CGLS","6970","Artificial surfaces (including urban and associated areas)","2016","2016","1000 ha","281.718","FC","Calculated data"
"LC","Land Cover","44","Colombia","5006","Area from CGLS","6970","Artificial surfaces (including urban and associated areas)","2017","2017","1000 ha","282.4623","FC","Calculated data"
"LC","Land Cover","44","Colombia","5006","Area from CGLS","6970","Artificial surfaces (including urban and associated areas)","2018","2018","1000 ha","283.6099","FC","Calculated data"
"LC","Land Cover","44","Colombia","5006","Area from CGLS","6970","Artificial surfaces (including urban and associated areas)","2019","2019","1000 ha","284.7077","FC","Calculated data"
"LC","Land Cover","44","Colombia","5007","Area from MODIS","6970","Artificial surfaces (including urban and associated areas)","2001","2001","1000 ha","396.1955","FC","Calculated data"
"LC","Land Cover","44","Colombia","5007","Area from MODIS","6970","Artificial surfaces (including urban and associated areas)","2002","2002","1000 ha","396.7751","FC","Calculated data"
"LC","Land Cover","44","Colombia","5007","Area from MODIS","6970","Artificial surfaces (including urban and associated areas)","2003","2003","1000 ha","396.9254","FC","Calculated data"
"LC","Land Cover","44","Colombia","5007","Area from MODIS","6970","Artificial surfaces (including urban and associated areas)","2004","2004","1000 ha","397.4405","FC","Calculated data"
"LC","Land Cover","44","Colombia","5007","Area from MODIS","6970","Artificial surfaces (including urban and associated areas)","2005","2005","1000 ha","397.8913","FC","Calculated data"
"LC","Land Cover","44","Colombia","5007","Area from MODIS","6970","Artificial surfaces (including urban and associated areas)","2006","2006","1000 ha","398.1918","FC","Calculated data"
"LC","Land Cover","44","Colombia","5007","Area from MODIS","6970","Artificial surfaces (including urban and associated areas)","2007","2007","1000 ha","366.1004","FC","Calculated data"
"LC","Land Cover","44","Colombia","5007","Area from MODIS","6970","Artificial surfaces (including urban and associated areas)","2008","2008","1000 ha","399.5013","FC","Calculated data"
"LC","Land Cover","44","Colombia","5007","Area from MODIS","6970","Artificial surfaces (including urban and associated areas)","2009","2009","1000 ha","400.4028","FC","Calculated data"
"LC","Land Cover","44","Colombia","5007","Area from MODIS","6970","Artificial surfaces (including urban and associated areas)","2010","2010","1000 ha","400.8107","FC","Calculated data"
"LC","Land Cover","44","Colombia","5007","Area from MODIS","6970","Artificial surfaces (including urban and associated areas)","2011","2011","1000 ha","402.0342","FC","Calculated data"
"LC","Land Cover","44","Colombia","5007","Area from MODIS","6970","Artificial surfaces (including urban and associated areas)","2012","2012","1000 ha","403.0002","FC","Calculated data"
"LC","Land Cover","44","Colombia","5007","Area from MODIS","6970","Artificial surfaces (including urban and associated areas)","2013","2013","1000 ha","403.9662","FC","Calculated data"
"LC","Land Cover","44","Colombia","5007","Area from MODIS","6970","Artificial surfaces (including urban and associated areas)","2014","2014","1000 ha","404.5457","FC","Calculated data"
"LC","Land Cover","44","Colombia","5007","Area from MODIS","6970","Artificial surfaces (including urban and associated areas)","2015","2015","1000 ha","405.1897","FC","Calculated data"
"LC","Land Cover","44","Colombia","5007","Area from MODIS","6970","Artificial surfaces (including urban and associated areas)","2016","2016","1000 ha","405.7264","FC","Calculated data"
"LC","Land Cover","44","Colombia","5007","Area from MODIS","6970","Artificial surfaces (including urban and associated areas)","2017","2017","1000 ha","406.4777","FC","Calculated data"
"LC","Land Cover","44","Colombia","5007","Area from MODIS","6970","Artificial surfaces (including urban and associated areas)","2018","2018","1000 ha","407.508","FC","Calculated data"
"LC","Land Cover","44","Colombia","5007","Area from MODIS","6970","Artificial surfaces (including urban and associated areas)","2019","2019","1000 ha","408.5384","FC","Calculated data"
"LC","Land Cover","44","Colombia","5007","Area from MODIS","6970","Artificial surfaces (including urban and associated areas)","2020","2020","1000 ha","409.5902","FC","Calculated data"
"LC","Land Cover","44","Colombia","5008","Area from CCI_LC","6970","Artificial surfaces (including urban and associated areas)","1992","1992","1000 ha","127.173","FC","Calculated data"
"LC","Land Cover","44","Colombia","5008","Area from CCI_LC","6970","Artificial surfaces (including urban and associated areas)","1993","1993","1000 ha","129.6783","FC","Calculated data"
"LC","Land Cover","44","Colombia","5008","Area from CCI_LC","6970","Artificial surfaces (including urban and associated areas)","1994","1994","1000 ha","131.8988","FC","Calculated data"
"LC","Land Cover","44","Colombia","5008","Area from CCI_LC","6970","Artificial surfaces (including urban and associated areas)","1995","1995","1000 ha","134.0437","FC","Calculated data"
"LC","Land Cover","44","Colombia","5008","Area from CCI_LC","6970","Artificial surfaces (including urban and associated areas)","1996","1996","1000 ha","136.2236","FC","Calculated data"
"LC","Land Cover","44","Colombia","5008","Area from CCI_LC","6970","Artificial surfaces (including urban and associated areas)","1997","1997","1000 ha","138.3278","FC","Calculated data"
"LC","Land Cover","44","Colombia","5008","Area from CCI_LC","6970","Artificial surfaces (including urban and associated areas)","1998","1998","1000 ha","140.6587","FC","Calculated data"
"LC","Land Cover","44","Colombia","5008","Area from CCI_LC","6970","Artificial surfaces (including urban and associated areas)","1999","1999","1000 ha","143.3791","FC","Calculated data"
"LC","Land Cover","44","Colombia","5008","Area from CCI_LC","6970","Artificial surfaces (including urban and associated areas)","2000","2000","1000 ha","146.8901","FC","Calculated data"
"LC","Land Cover","44","Colombia","5008","Area from CCI_LC","6970","Artificial surfaces (including urban and associated areas)","2001","2001","1000 ha","148.1631","FC","Calculated data"
"LC","Land Cover","44","Colombia","5008","Area from CCI_LC","6970","Artificial surfaces (including urban and associated areas)","2002","2002","1000 ha","149.3082","FC","Calculated data"
"LC","Land Cover","44","Colombia","5008","Area from CCI_LC","6970","Artificial surfaces (including urban and associated areas)","2003","2003","1000 ha","150.1685","FC","Calculated data"
"LC","Land Cover","44","Colombia","5008","Area from CCI_LC","6970","Artificial surfaces (including urban and associated areas)","2004","2004","1000 ha","152.296","FC","Calculated data"
"LC","Land Cover","44","Colombia","5008","Area from CCI_LC","6970","Artificial surfaces (including urban and associated areas)","2005","2005","1000 ha","153.7027","FC","Calculated data"
"LC","Land Cover","44","Colombia","5008","Area from CCI_LC","6970","Artificial surfaces (including urban and associated areas)","2006","2006","1000 ha","157.1672","FC","Calculated data"
"LC","Land Cover","44","Colombia","5008","Area from CCI_LC","6970","Artificial surfaces (including urban and associated areas)","2007","2007","1000 ha","160.6549","FC","Calculated data"
"LC","Land Cover","44","Colombia","5008","Area from CCI_LC","6970","Artificial surfaces (including urban and associated areas)","2008","2008","1000 ha","163.631","FC","Calculated data"
"LC","Land Cover","44","Colombia","5008","Area from CCI_LC","6970","Artificial surfaces (including urban and associated areas)","2009","2009","1000 ha","166.5781","FC","Calculated data"
"LC","Land Cover","44","Colombia","5008","Area from CCI_LC","6970","Artificial surfaces (including urban and associated areas)","2010","2010","1000 ha","169.5252","FC","Calculated data"
"LC","Land Cover","44","Colombia","5008","Area from CCI_LC","6970","Artificial surfaces (including urban and associated areas)","2011","2011","1000 ha","172.7455","FC","Calculated data"
"LC","Land Cover","44","Colombia","5008","Area from CCI_LC","6970","Artificial surfaces (including urban and associated areas)","2012","2012","1000 ha","176.2739","FC","Calculated data"
"LC","Land Cover","44","Colombia","5008","Area from CCI_LC","6970","Artificial surfaces (including urban and associated areas)","2013","2013","1000 ha","182.3193","FC","Calculated data"
"LC","Land Cover","44","Colombia","5008","Area from CCI_LC","6970","Artificial surfaces (including urban and associated areas)","2014","2014","1000 ha","188.3878","FC","Calculated data"
"LC","Land Cover","44","Colombia","5008","Area from CCI_LC","6970","Artificial surfaces (including urban and associated areas)","2015","2015","1000 ha","192.079","FC","Calculated data"
"LC","Land Cover","44","Colombia","5008","Area from CCI_LC","6970","Artificial surfaces (including urban and associated areas)","2016","2016","1000 ha","192.3289","FC","Calculated data"
"LC","Land Cover","44","Colombia","5008","Area from CCI_LC","6970","Artificial surfaces (including urban and associated areas)","2017","2017","1000 ha","197.4035","FC","Calculated data"
"LC","Land Cover","44","Colombia","5008","Area from CCI_LC","6970","Artificial surfaces (including urban and associated areas)","2018","2018","1000 ha","201.0424","FC","Calculated data"
"LC","Land Cover","44","Colombia","5008","Area from CCI_LC","6970","Artificial surfaces (including urban and associated areas)","2019","2019","1000 ha","206.6808","FC","Calculated data"
"LC","Land Cover","44","Colombia","5008","Area from CCI_LC","6970","Artificial surfaces (including urban and associated areas)","2020","2020","1000 ha","206.7447","FC","Calculated data"
"LC","Land Cover","44","Colombia","5006","Area from CGLS","6971","Herbaceous crops","2015","2015","1000 ha","1983.3585","FC","Calculated data"
"LC","Land Cover","44","Colombia","5006","Area from CGLS","6971","Herbaceous crops","2016","2016","1000 ha","1967.3468","FC","Calculated data"
"LC","Land Cover","44","Colombia","5006","Area from CGLS","6971","Herbaceous crops","2017","2017","1000 ha","1962.7251","FC","Calculated data"
"LC","Land Cover","44","Colombia","5006","Area from CGLS","6971","Herbaceous crops","2018","2018","1000 ha","1957.5149","FC","Calculated data"
"LC","Land Cover","44","Colombia","5006","Area from CGLS","6971","Herbaceous crops","2019","2019","1000 ha","1957.695","FC","Calculated data"
"LC","Land Cover","44","Colombia","5007","Area from MODIS","6971","Herbaceous crops","2001","2001","1000 ha","493.5819","FC","Calculated data"
"LC","Land Cover","44","Colombia","5007","Area from MODIS","6971","Herbaceous crops","2002","2002","1000 ha","486.4895","FC","Calculated data"
"LC","Land Cover","44","Colombia","5007","Area from MODIS","6971","Herbaceous crops","2003","2003","1000 ha","488.005","FC","Calculated data"
"LC","Land Cover","44","Colombia","5007","Area from MODIS","6971","Herbaceous crops","2004","2004","1000 ha","489.2672","FC","Calculated data"
"LC","Land Cover","44","Colombia","5007","Area from MODIS","6971","Herbaceous crops","2005","2005","1000 ha","484.5447","FC","Calculated data"
"LC","Land Cover","44","Colombia","5007","Area from MODIS","6971","Herbaceous crops","2006","2006","1000 ha","484.3859","FC","Calculated data"
"LC","Land Cover","44","Colombia","5007","Area from MODIS","6971","Herbaceous crops","2007","2007","1000 ha","375.8845","FC","Calculated data"
"LC","Land Cover","44","Colombia","5007","Area from MODIS","6971","Herbaceous crops","2008","2008","1000 ha","493.8738","FC","Calculated data"
"LC","Land Cover","44","Colombia","5007","Area from MODIS","6971","Herbaceous crops","2009","2009","1000 ha","494.9213","FC","Calculated data"
"LC","Land Cover","44","Colombia","5007","Area from MODIS","6971","Herbaceous crops","2010","2010","1000 ha","490.6496","FC","Calculated data"
"LC","Land Cover","44","Colombia","5007","Area from MODIS","6971","Herbaceous crops","2011","2011","1000 ha","477.6113","FC","Calculated data"
"LC","Land Cover","44","Colombia","5007","Area from MODIS","6971","Herbaceous crops","2012","2012","1000 ha","483.9093","FC","Calculated data"
"LC","Land Cover","44","Colombia","5007","Area from MODIS","6971","Herbaceous crops","2013","2013","1000 ha","488.8765","FC","Calculated data"
"LC","Land Cover","44","Colombia","5007","Area from MODIS","6971","Herbaceous crops","2014","2014","1000 ha","491.9075","FC","Calculated data"
"LC","Land Cover","44","Colombia","5007","Area from MODIS","6971","Herbaceous crops","2015","2015","1000 ha","492.4399","FC","Calculated data"
"LC","Land Cover","44","Colombia","5007","Area from MODIS","6971","Herbaceous crops","2016","2016","1000 ha","514.7472","FC","Calculated data"
"LC","Land Cover","44","Colombia","5007","Area from MODIS","6971","Herbaceous crops","2017","2017","1000 ha","507.2943","FC","Calculated data"
"LC","Land Cover","44","Colombia","5007","Area from MODIS","6971","Herbaceous crops","2018","2018","1000 ha","510.4712","FC","Calculated data"
"LC","Land Cover","44","Colombia","5007","Area from MODIS","6971","Herbaceous crops","2019","2019","1000 ha","525.0208","FC","Calculated data"
"LC","Land Cover","44","Colombia","5007","Area from MODIS","6971","Herbaceous crops","2020","2020","1000 ha","585.8722","FC","Calculated data"
"LC","Land Cover","44","Colombia","5008","Area from CCI_LC","6971","Herbaceous crops","1992","1992","1000 ha","6189.2375","FC","Calculated data"
"LC","Land Cover","44","Colombia","5008","Area from CCI_LC","6971","Herbaceous crops","1993","1993","1000 ha","5991.3584","FC","Calculated data"
"LC","Land Cover","44","Colombia","5008","Area from CCI_LC","6971","Herbaceous crops","1994","1994","1000 ha","5850.6094","FC","Calculated data"
"LC","Land Cover","44","Colombia","5008","Area from CCI_LC","6971","Herbaceous crops","1995","1995","1000 ha","5355.4969","FC","Calculated data"
"LC","Land Cover","44","Colombia","5008","Area from CCI_LC","6971","Herbaceous crops","1996","1996","1000 ha","5865.2322","FC","Calculated data"
"LC","Land Cover","44","Colombia","5008","Area from CCI_LC","6971","Herbaceous crops","1997","1997","1000 ha","5907.645","FC","Calculated data"
"LC","Land Cover","44","Colombia","5008","Area from CCI_LC","6971","Herbaceous crops","1998","1998","1000 ha","5815.1746","FC","Calculated data"
"LC","Land Cover","44","Colombia","5008","Area from CCI_LC","6971","Herbaceous crops","1999","1999","1000 ha","5837.6952","FC","Calculated data"
"LC","Land Cover","44","Colombia","5008","Area from CCI_LC","6971","Herbaceous crops","2000","2000","1000 ha","6236.4192","FC","Calculated data"
"LC","Land Cover","44","Colombia","5008","Area from CCI_LC","6971","Herbaceous crops","2001","2001","1000 ha","5930.2888","FC","Calculated data"
"LC","Land Cover","44","Colombia","5008","Area from CCI_LC","6971","Herbaceous crops","2002","2002","1000 ha","5971.8797","FC","Calculated data"
"LC","Land Cover","44","Colombia","5008","Area from CCI_LC","6971","Herbaceous crops","2003","2003","1000 ha","6112.2598","FC","Calculated data"
"LC","Land Cover","44","Colombia","5008","Area from CCI_LC","6971","Herbaceous crops","2004","2004","1000 ha","6180.7854","FC","Calculated data"
"LC","Land Cover","44","Colombia","5008","Area from CCI_LC","6971","Herbaceous crops","2005","2005","1000 ha","5731.9294","FC","Calculated data"
"LC","Land Cover","44","Colombia","5008","Area from CCI_LC","6971","Herbaceous crops","2006","2006","1000 ha","5769.5392","FC","Calculated data"
"LC","Land Cover","44","Colombia","5008","Area from CCI_LC","6971","Herbaceous crops","2007","2007","1000 ha","5678.6814","FC","Calculated data"
"LC","Land Cover","44","Colombia","5008","Area from CCI_LC","6971","Herbaceous crops","2008","2008","1000 ha","5341.8846","FC","Calculated data"
"LC","Land Cover","44","Colombia","5008","Area from CCI_LC","6971","Herbaceous crops","2009","2009","1000 ha","5330.472","FC","Calculated data"
"LC","Land Cover","44","Colombia","5008","Area from CCI_LC","6971","Herbaceous crops","2010","2010","1000 ha","5289.3697","FC","Calculated data"
"LC","Land Cover","44","Colombia","5008","Area from CCI_LC","6971","Herbaceous crops","2011","2011","1000 ha","4677.6456","FC","Calculated data"
"LC","Land Cover","44","Colombia","5008","Area from CCI_LC","6971","Herbaceous crops","2012","2012","1000 ha","4592.1473","FC","Calculated data"
"LC","Land Cover","44","Colombia","5008","Area from CCI_LC","6971","Herbaceous crops","2013","2013","1000 ha","4891.0764","FC","Calculated data"
"LC","Land Cover","44","Colombia","5008","Area from CCI_LC","6971","Herbaceous crops","2014","2014","1000 ha","4804.2924","FC","Calculated data"
"LC","Land Cover","44","Colombia","5008","Area from CCI_LC","6971","Herbaceous crops","2015","2015","1000 ha","4748.7343","FC","Calculated data"
"LC","Land Cover","44","Colombia","5008","Area from CCI_LC","6971","Herbaceous crops","2016","2016","1000 ha","4704.3466","FC","Calculated data"
"LC","Land Cover","44","Colombia","5008","Area from CCI_LC","6971","Herbaceous crops","2017","2017","1000 ha","6084.2929","FC","Calculated data"
"LC","Land Cover","44","Colombia","5008","Area from CCI_LC","6971","Herbaceous crops","2018","2018","1000 ha","6087.9633","FC","Calculated data"
"LC","Land Cover","44","Colombia","5008","Area from CCI_LC","6971","Herbaceous crops","2019","2019","1000 ha","6074.97","FC","Calculated data"
"LC","Land Cover","44","Colombia","5008","Area from CCI_LC","6971","Herbaceous crops","2020","2020","1000 ha","6090.8436","FC","Calculated data"
"LC","Land Cover","44","Colombia","5006","Area from CGLS","6972","Woody crops","2015","2015","1000 ha","","NV","Data not available"
"LC","Land Cover","44","Colombia","5006","Area from CGLS","6972","Woody crops","2016","2016","1000 ha","","NV","Data not available"
"LC","Land Cover","44","Colombia","5006","Area from CGLS","6972","Woody crops","2017","2017","1000 ha","","NV","Data not available"
"LC","Land Cover","44","Colombia","5006","Area from CGLS","6972","Woody crops","2018","2018","1000 ha","","NV","Data not available"
"LC","Land Cover","44","Colombia","5006","Area from CGLS","6972","Woody crops","2019","2019","1000 ha","","NV","Data not available"
"LC","Land Cover","44","Colombia","5007","Area from MODIS","6972","Woody crops","2001","2001","1000 ha","","NV","Data not available"
"LC","Land Cover","44","Colombia","5007","Area from MODIS","6972","Woody crops","2002","2002","1000 ha","","NV","Data not available"
"LC","Land Cover","44","Colombia","5007","Area from MODIS","6972","Woody crops","2003","2003","1000 ha","","NV","Data not available"
"LC","Land Cover","44","Colombia","5007","Area from MODIS","6972","Woody crops","2004","2004","1000 ha","","NV","Data not available"
"LC","Land Cover","44","Colombia","5007","Area from MODIS","6972","Woody crops","2005","2005","1000 ha","","NV","Data not available"
"LC","Land Cover","44","Colombia","5007","Area from MODIS","6972","Woody crops","2006","2006","1000 ha","","NV","Data not available"
"LC","Land Cover","44","Colombia","5007","Area from MODIS","6972","Woody crops","2007","2007","1000 ha","","NV","Data not available"
"LC","Land Cover","44","Colombia","5007","Area from MODIS","6972","Woody crops","2008","2008","1000 ha","","NV","Data not available"
"LC","Land Cover","44","Colombia","5007","Area from MODIS","6972","Woody crops","2009","2009","1000 ha","","NV","Data not available"
"LC","Land Cover","44","Colombia","5007","Area from MODIS","6972","Woody crops","2010","2010","1000 ha","","NV","Data not available"
"LC","Land Cover","44","Colombia","5007","Area from MODIS","6972","Woody crops","2011","2011","1000 ha","","NV","Data not available"
"LC","Land Cover","44","Colombia","5007","Area from MODIS","6972","Woody crops","2012","2012","1000 ha","","NV","Data not available"
"LC","Land Cover","44","Colombia","5007","Area from MODIS","6972","Woody crops","2013","2013","1000 ha","","NV","Data not available"
"LC","Land Cover","44","Colombia","5007","Area from MODIS","6972","Woody crops","2014","2014","1000 ha","","NV","Data not available"
"LC","Land Cover","44","Colombia","5007","Area from MODIS","6972","Woody crops","2015","2015","1000 ha","","NV","Data not available"
"LC","Land Cover","44","Colombia","5007","Area from MODIS","6972","Woody crops","2016","2016","1000 ha","","NV","Data not available"
"LC","Land Cover","44","Colombia","5007","Area from MODIS","6972","Woody crops","2017","2017","1000 ha","","NV","Data not available"
"LC","Land Cover","44","Colombia","5007","Area from MODIS","6972","Woody crops","2018","2018","1000 ha","","NV","Data not available"
"LC","Land Cover","44","Colombia","5007","Area from MODIS","6972","Woody crops","2019","2019","1000 ha","","NV","Data not available"
"LC","Land Cover","44","Colombia","5007","Area from MODIS","6972","Woody crops","2020","2020","1000 ha","","NV","Data not available"
"LC","Land Cover","44","Colombia","5008","Area from CCI_LC","6972","Woody crops","1992","1992","1000 ha","3689.35","FC","Calculated data"
"LC","Land Cover","44","Colombia","5008","Area from CCI_LC","6972","Woody crops","1993","1993","1000 ha","3888.3363","FC","Calculated data"
"LC","Land Cover","44","Colombia","5008","Area from CCI_LC","6972","Woody crops","1994","1994","1000 ha","4028.4916","FC","Calculated data"
"LC","Land Cover","44","Colombia","5008","Area from CCI_LC","6972","Woody crops","1995","1995","1000 ha","4533.9784","FC","Calculated data"
"LC","Land Cover","44","Colombia","5008","Area from CCI_LC","6972","Woody crops","1996","1996","1000 ha","4008.9935","FC","Calculated data"
"LC","Land Cover","44","Colombia","5008","Area from CCI_LC","6972","Woody crops","1997","1997","1000 ha","3997.3746","FC","Calculated data"
"LC","Land Cover","44","Colombia","5008","Area from CCI_LC","6972","Woody crops","1998","1998","1000 ha","4162.4887","FC","Calculated data"
"LC","Land Cover","44","Colombia","5008","Area from CCI_LC","6972","Woody crops","1999","1999","1000 ha","4207.9285","FC","Calculated data"
"LC","Land Cover","44","Colombia","5008","Area from CCI_LC","6972","Woody crops","2000","2000","1000 ha","3821.9645","FC","Calculated data"
"LC","Land Cover","44","Colombia","5008","Area from CCI_LC","6972","Woody crops","2001","2001","1000 ha","4144.3801","FC","Calculated data"
"LC","Land Cover","44","Colombia","5008","Area from CCI_LC","6972","Woody crops","2002","2002","1000 ha","4119.0034","FC","Calculated data"
"LC","Land Cover","44","Colombia","5008","Area from CCI_LC","6972","Woody crops","2003","2003","1000 ha","4009.1457","FC","Calculated data"
"LC","Land Cover","44","Colombia","5008","Area from CCI_LC","6972","Woody crops","2004","2004","1000 ha","4059.7652","FC","Calculated data"
"LC","Land Cover","44","Colombia","5008","Area from CCI_LC","6972","Woody crops","2005","2005","1000 ha","4489.9171","FC","Calculated data"
"LC","Land Cover","44","Colombia","5008","Area from CCI_LC","6972","Woody crops","2006","2006","1000 ha","4436.9653","FC","Calculated data"
"LC","Land Cover","44","Colombia","5008","Area from CCI_LC","6972","Woody crops","2007","2007","1000 ha","4467.9115","FC","Calculated data"
"LC","Land Cover","44","Colombia","5008","Area from CCI_LC","6972","Woody crops","2008","2008","1000 ha","4760.9912","FC","Calculated data"
"LC","Land Cover","44","Colombia","5008","Area from CCI_LC","6972","Woody crops","2009","2009","1000 ha","4741.8678","FC","Calculated data"
"LC","Land Cover","44","Colombia","5008","Area from CCI_LC","6972","Woody crops","2010","2010","1000 ha","4770.3334","FC","Calculated data"
"LC","Land Cover","44","Colombia","5008","Area from CCI_LC","6972","Woody crops","2011","2011","1000 ha","5376.6381","FC","Calculated data"
"LC","Land Cover","44","Colombia","5008","Area from CCI_LC","6972","Woody crops","2012","2012","1000 ha","5456.4488","FC","Calculated data"
"LC","Land Cover","44","Colombia","5008","Area from CCI_LC","6972","Woody crops","2013","2013","1000 ha","5135.3394","FC","Calculated data"
"LC","Land Cover","44","Colombia","5008","Area from CCI_LC","6972","Woody crops","2014","2014","1000 ha","5162.6369","FC","Calculated data"
"LC","Land Cover","44","Colombia","5008","Area from CCI_LC","6972","Woody crops","2015","2015","1000 ha","5216.34","FC","Calculated data"
"LC","Land Cover","44","Colombia","5008","Area from CCI_LC","6972","Woody crops","2016","2016","1000 ha","5277.0543","FC","Calculated data"
"LC","Land Cover","44","Colombia","5008","Area from CCI_LC","6972","Woody crops","2017","2017","1000 ha","3915.0135","FC","Calculated data"
"LC","Land Cover","44","Colombia","5008","Area from CCI_LC","6972","Woody crops","2018","2018","1000 ha","3914.0518","FC","Calculated data"
"LC","Land Cover","44","Colombia","5008","Area from CCI_LC","6972","Woody crops","2019","2019","1000 ha","3968.9261","FC","Calculated data"
"LC","Land Cover","44","Colombia","5008","Area from CCI_LC","6972","Woody crops","2020","2020","1000 ha","3979.2967","FC","Calculated data"
"LC","Land Cover","44","Colombia","5006","Area from CGLS","6973","Multiple or layered crops","2015","2015","1000 ha","","NV","Data not available"
"LC","Land Cover","44","Colombia","5006","Area from CGLS","6973","Multiple or layered crops","2016","2016","1000 ha","","NV","Data not available"
"LC","Land Cover","44","Colombia","5006","Area from CGLS","6973","Multiple or layered crops","2017","2017","1000 ha","","NV","Data not available"
"LC","Land Cover","44","Colombia","5006","Area from CGLS","6973","Multiple or layered crops","2018","2018","1000 ha","","NV","Data not available"
"LC","Land Cover","44","Colombia","5006","Area from CGLS","6973","Multiple or layered crops","2019","2019","1000 ha","","NV","Data not available"
"LC","Land Cover","44","Colombia","5007","Area from MODIS","6973","Multiple or layered crops","2001","2001","1000 ha","","NV","Data not available"
"LC","Land Cover","44","Colombia","5007","Area from MODIS","6973","Multiple or layered crops","2002","2002","1000 ha","","NV","Data not available"
"LC","Land Cover","44","Colombia","5007","Area from MODIS","6973","Multiple or layered crops","2003","2003","1000 ha","","NV","Data not available"
"LC","Land Cover","44","Colombia","5007","Area from MODIS","6973","Multiple or layered crops","2004","2004","1000 ha","","NV","Data not available"
"LC","Land Cover","44","Colombia","5007","Area from MODIS","6973","Multiple or layered crops","2005","2005","1000 ha","","NV","Data not available"
"LC","Land Cover","44","Colombia","5007","Area from MODIS","6973","Multiple or layered crops","2006","2006","1000 ha","","NV","Data not available"
"LC","Land Cover","44","Colombia","5007","Area from MODIS","6973","Multiple or layered crops","2007","2007","1000 ha","","NV","Data not available"
"LC","Land Cover","44","Colombia","5007","Area from MODIS","6973","Multiple or layered crops","2008","2008","1000 ha","","NV","Data not available"
"LC","Land Cover","44","Colombia","5007","Area from MODIS","6973","Multiple or layered crops","2009","2009","1000 ha","","NV","Data not available"
"LC","Land Cover","44","Colombia","5007","Area from MODIS","6973","Multiple or layered crops","2010","2010","1000 ha","","NV","Data not available"
"LC","Land Cover","44","Colombia","5007","Area from MODIS","6973","Multiple or layered crops","2011","2011","1000 ha","","NV","Data not available"
"LC","Land Cover","44","Colombia","5007","Area from MODIS","6973","Multiple or layered crops","2012","2012","1000 ha","","NV","Data not available"
"LC","Land Cover","44","Colombia","5007","Area from MODIS","6973","Multiple or layered crops","2013","2013","1000 ha","","NV","Data not available"
"LC","Land Cover","44","Colombia","5007","Area from MODIS","6973","Multiple or layered crops","2014","2014","1000 ha","","NV","Data not available"
"LC","Land Cover","44","Colombia","5007","Area from MODIS","6973","Multiple or layered crops","2015","2015","1000 ha","","NV","Data not available"
"LC","Land Cover","44","Colombia","5007","Area from MODIS","6973","Multiple or layered crops","2016","2016","1000 ha","","NV","Data not available"
"LC","Land Cover","44","Colombia","5007","Area from MODIS","6973","Multiple or layered crops","2017","2017","1000 ha","","NV","Data not available"
"LC","Land Cover","44","Colombia","5007","Area from MODIS","6973","Multiple or layered crops","2018","2018","1000 ha","","NV","Data not available"
"LC","Land Cover","44","Colombia","5007","Area from MODIS","6973","Multiple or layered crops","2019","2019","1000 ha","","NV","Data not available"
"LC","Land Cover","44","Colombia","5007","Area from MODIS","6973","Multiple or layered crops","2020","2020","1000 ha","","NV","Data not available"
"LC","Land Cover","44","Colombia","5008","Area from CCI_LC","6973","Multiple or layered crops","1992","1992","1000 ha","","NV","Data not available"
"LC","Land Cover","44","Colombia","5008","Area from CCI_LC","6973","Multiple or layered crops","1993","1993","1000 ha","","NV","Data not available"
"LC","Land Cover","44","Colombia","5008","Area from CCI_LC","6973","Multiple or layered crops","1994","1994","1000 ha","","NV","Data not available"
"LC","Land Cover","44","Colombia","5008","Area from CCI_LC","6973","Multiple or layered crops","1995","1995","1000 ha","","NV","Data not available"
"LC","Land Cover","44","Colombia","5008","Area from CCI_LC","6973","Multiple or layered crops","1996","1996","1000 ha","","NV","Data not available"
"LC","Land Cover","44","Colombia","5008","Area from CCI_LC","6973","Multiple or layered crops","1997","1997","1000 ha","","NV","Data not available"
"LC","Land Cover","44","Colombia","5008","Area from CCI_LC","6973","Multiple or layered crops","1998","1998","1000 ha","","NV","Data not available"
"LC","Land Cover","44","Colombia","5008","Area from CCI_LC","6973","Multiple or layered crops","1999","1999","1000 ha","","NV","Data not available"
"LC","Land Cover","44","Colombia","5008","Area from CCI_LC","6973","Multiple or layered crops","2000","2000","1000 ha","","NV","Data not available"
"LC","Land Cover","44","Colombia","5008","Area from CCI_LC","6973","Multiple or layered crops","2001","2001","1000 ha","","NV","Data not available"
"LC","Land Cover","44","Colombia","5008","Area from CCI_LC","6973","Multiple or layered crops","2002","2002","1000 ha","","NV","Data not available"
"LC","Land Cover","44","Colombia","5008","Area from CCI_LC","6973","Multiple or layered crops","2003","2003","1000 ha","","NV","Data not available"
"LC","Land Cover","44","Colombia","5008","Area from CCI_LC","6973","Multiple or layered crops","2004","2004","1000 ha","","NV","Data not available"
"LC","Land Cover","44","Colombia","5008","Area from CCI_LC","6973","Multiple or layered crops","2005","2005","1000 ha","","NV","Data not available"
"LC","Land Cover","44","Colombia","5008","Area from CCI_LC","6973","Multiple or layered crops","2006","2006","1000 ha","","NV","Data not available"
"LC","Land Cover","44","Colombia","5008","Area from CCI_LC","6973","Multiple or layered crops","2007","2007","1000 ha","","NV","Data not available"
"LC","Land Cover","44","Colombia","5008","Area from CCI_LC","6973","Multiple or layered crops","2008","2008","1000 ha","","NV","Data not available"
"LC","Land Cover","44","Colombia","5008","Area from CCI_LC","6973","Multiple or layered crops","2009","2009","1000 ha","","NV","Data not available"
"LC","Land Cover","44","Colombia","5008","Area from CCI_LC","6973","Multiple or layered crops","2010","2010","1000 ha","","NV","Data not available"
"LC","Land Cover","44","Colombia","5008","Area from CCI_LC","6973","Multiple or layered crops","2011","2011","1000 ha","","NV","Data not available"
"LC","Land Cover","44","Colombia","5008","Area from CCI_LC","6973","Multiple or layered crops","2012","2012","1000 ha","","NV","Data not available"
"LC","Land Cover","44","Colombia","5008","Area from CCI_LC","6973","Multiple or layered crops","2013","2013","1000 ha","","NV","Data not available"
"LC","Land Cover","44","Colombia","5008","Area from CCI_LC","6973","Multiple or layered crops","2014","2014","1000 ha","","NV","Data not available"
"LC","Land Cover","44","Colombia","5008","Area from CCI_LC","6973","Multiple or layered crops","2015","2015","1000 ha","","NV","Data not available"
"LC","Land Cover","44","Colombia","5008","Area from CCI_LC","6973","Multiple or layered crops","2016","2016","1000 ha","","NV","Data not available"
"LC","Land Cover","44","Colombia","5008","Area from CCI_LC","6973","Multiple or layered crops","2017","2017","1000 ha","","NV","Data not available"
"LC","Land Cover","44","Colombia","5008","Area from CCI_LC","6973","Multiple or layered crops","2018","2018","1000 ha","","NV","Data not available"
"LC","Land Cover","44","Colombia","5008","Area from CCI_LC","6973","Multiple or layered crops","2019","2019","1000 ha","","NV","Data not available"
"LC","Land Cover","44","Colombia","5008","Area from CCI_LC","6973","Multiple or layered crops","2020","2020","1000 ha","","NV","Data not available"
"LC","Land Cover","44","Colombia","5006","Area from CGLS","6983","Grassland","2015","2015","1000 ha","26488.6334","FC","Calculated data"
"LC","Land Cover","44","Colombia","5006","Area from CGLS","6983","Grassland","2016","2016","1000 ha","26214.3149","FC","Calculated data"
"LC","Land Cover","44","Colombia","5006","Area from CGLS","6983","Grassland","2017","2017","1000 ha","25992.1617","FC","Calculated data"
"LC","Land Cover","44","Colombia","5006","Area from CGLS","6983","Grassland","2018","2018","1000 ha","25838.5944","FC","Calculated data"
"LC","Land Cover","44","Colombia","5006","Area from CGLS","6983","Grassland","2019","2019","1000 ha","25787.873","FC","Calculated data"
"LC","Land Cover","44","Colombia","5007","Area from MODIS","6983","Grassland","2001","2001","1000 ha","7255.8581","FC","Calculated data"
"LC","Land Cover","44","Colombia","5007","Area from MODIS","6983","Grassland","2002","2002","1000 ha","7333.5302","FC","Calculated data"
"LC","Land Cover","44","Colombia","5007","Area from MODIS","6983","Grassland","2003","2003","1000 ha","7355.0433","FC","Calculated data"
"LC","Land Cover","44","Colombia","5007","Area from MODIS","6983","Grassland","2004","2004","1000 ha","7261.7527","FC","Calculated data"
"LC","Land Cover","44","Colombia","5007","Area from MODIS","6983","Grassland","2005","2005","1000 ha","7125.5818","FC","Calculated data"
"LC","Land Cover","44","Colombia","5007","Area from MODIS","6983","Grassland","2006","2006","1000 ha","7005.5404","FC","Calculated data"
"LC","Land Cover","44","Colombia","5007","Area from MODIS","6983","Grassland","2007","2007","1000 ha","6730.2792","FC","Calculated data"
"LC","Land Cover","44","Colombia","5007","Area from MODIS","6983","Grassland","2008","2008","1000 ha","7084.4102","FC","Calculated data"
"LC","Land Cover","44","Colombia","5007","Area from MODIS","6983","Grassland","2009","2009","1000 ha","7230.4812","FC","Calculated data"
"LC","Land Cover","44","Colombia","5007","Area from MODIS","6983","Grassland","2010","2010","1000 ha","7236.9853","FC","Calculated data"
"LC","Land Cover","44","Colombia","5007","Area from MODIS","6983","Grassland","2011","2011","1000 ha","7176.6748","FC","Calculated data"
"LC","Land Cover","44","Colombia","5007","Area from MODIS","6983","Grassland","2012","2012","1000 ha","7410.4682","FC","Calculated data"
"LC","Land Cover","44","Colombia","5007","Area from MODIS","6983","Grassland","2013","2013","1000 ha","7805.2169","FC","Calculated data"
"LC","Land Cover","44","Colombia","5007","Area from MODIS","6983","Grassland","2014","2014","1000 ha","8355.035","FC","Calculated data"
"LC","Land Cover","44","Colombia","5007","Area from MODIS","6983","Grassland","2015","2015","1000 ha","8807.3466","FC","Calculated data"
"LC","Land Cover","44","Colombia","5007","Area from MODIS","6983","Grassland","2016","2016","1000 ha","9112.7158","FC","Calculated data"
"LC","Land Cover","44","Colombia","5007","Area from MODIS","6983","Grassland","2017","2017","1000 ha","8987.2263","FC","Calculated data"
"LC","Land Cover","44","Colombia","5007","Area from MODIS","6983","Grassland","2018","2018","1000 ha","8945.9603","FC","Calculated data"
"LC","Land Cover","44","Colombia","5007","Area from MODIS","6983","Grassland","2019","2019","1000 ha","9087.2229","FC","Calculated data"
"LC","Land Cover","44","Colombia","5007","Area from MODIS","6983","Grassland","2020","2020","1000 ha","9192.7834","FC","Calculated data"
"LC","Land Cover","44","Colombia","5008","Area from CCI_LC","6983","Grassland","1992","1992","1000 ha","16617.5473","FC","Calculated data"
"LC","Land Cover","44","Colombia","5008","Area from CCI_LC","6983","Grassland","1993","1993","1000 ha","16618.7033","FC","Calculated data"
"LC","Land Cover","44","Colombia","5008","Area from CCI_LC","6983","Grassland","1994","1994","1000 ha","16617.346","FC","Calculated data"
"LC","Land Cover","44","Colombia","5008","Area from CCI_LC","6983","Grassland","1995","1995","1000 ha","16715.0707","FC","Calculated data"
"LC","Land Cover","44","Colombia","5008","Area from CCI_LC","6983","Grassland","1996","1996","1000 ha","16716.1991","FC","Calculated data"
"LC","Land Cover","44","Colombia","5008","Area from CCI_LC","6983","Grassland","1997","1997","1000 ha","16742.7201","FC","Calculated data"
"LC","Land Cover","44","Colombia","5008","Area from CCI_LC","6983","Grassland","1998","1998","1000 ha","16784.7534","FC","Calculated data"
"LC","Land Cover","44","Colombia","5008","Area from CCI_LC","6983","Grassland","1999","1999","1000 ha","16862.1395","FC","Calculated data"
"LC","Land Cover","44","Colombia","5008","Area from CCI_LC","6983","Grassland","2000","2000","1000 ha","16847.4783","FC","Calculated data"
"LC","Land Cover","44","Colombia","5008","Area from CCI_LC","6983","Grassland","2001","2001","1000 ha","16854.124","FC","Calculated data"
"LC","Land Cover","44","Colombia","5008","Area from CCI_LC","6983","Grassland","2002","2002","1000 ha","16863.5718","FC","Calculated data"
"LC","Land Cover","44","Colombia","5008","Area from CCI_LC","6983","Grassland","2003","2003","1000 ha","16889.7553","FC","Calculated data"
"LC","Land Cover","44","Colombia","5008","Area from CCI_LC","6983","Grassland","2004","2004","1000 ha","16968.1278","FC","Calculated data"
"LC","Land Cover","44","Colombia","5008","Area from CCI_LC","6983","Grassland","2005","2005","1000 ha","16976.5878","FC","Calculated data"
"LC","Land Cover","44","Colombia","5008","Area from CCI_LC","6983","Grassland","2006","2006","1000 ha","16979.3626","FC","Calculated data"
"LC","Land Cover","44","Colombia","5008","Area from CCI_LC","6983","Grassland","2007","2007","1000 ha","16969.2984","FC","Calculated data"
"LC","Land Cover","44","Colombia","5008","Area from CCI_LC","6983","Grassland","2008","2008","1000 ha","16959.3017","FC","Calculated data"
"LC","Land Cover","44","Colombia","5008","Area from CCI_LC","6983","Grassland","2009","2009","1000 ha","16958.7201","FC","Calculated data"
"LC","Land Cover","44","Colombia","5008","Area from CCI_LC","6983","Grassland","2010","2010","1000 ha","16957.2089","FC","Calculated data"
"LC","Land Cover","44","Colombia","5008","Area from CCI_LC","6983","Grassland","2011","2011","1000 ha","16953.9289","FC","Calculated data"
"LC","Land Cover","44","Colombia","5008","Area from CCI_LC","6983","Grassland","2012","2012","1000 ha","16952.5797","FC","Calculated data"
"LC","Land Cover","44","Colombia","5008","Area from CCI_LC","6983","Grassland","2013","2013","1000 ha","16946.4679","FC","Calculated data"
"LC","Land Cover","44","Colombia","5008","Area from CCI_LC","6983","Grassland","2014","2014","1000 ha","16910.4506","FC","Calculated data"
"LC","Land Cover","44","Colombia","5008","Area from CCI_LC","6983","Grassland","2015","2015","1000 ha","16909.382","FC","Calculated data"
"LC","Land Cover","44","Colombia","5008","Area from CCI_LC","6983","Grassland","2016","2016","1000 ha","16902.6136","FC","Calculated data"
"LC","Land Cover","44","Colombia","5008","Area from CCI_LC","6983","Grassland","2017","2017","1000 ha","16900.5601","FC","Calculated data"
"LC","Land Cover","44","Colombia","5008","Area from CCI_LC","6983","Grassland","2018","2018","1000 ha","16893.8474","FC","Calculated data"
"LC","Land Cover","44","Colombia","5008","Area from CCI_LC","6983","Grassland","2019","2019","1000 ha","16890.1344","FC","Calculated data"
"LC","Land Cover","44","Colombia","5008","Area from CCI_LC","6983","Grassland","2020","2020","1000 ha","16888.1222","FC","Calculated data"
"LC","Land Cover","44","Colombia","5006","Area from CGLS","6974","Tree-covered areas","2015","2015","1000 ha","81227.1943","FC","Calculated data"
"LC","Land Cover","44","Colombia","5006","Area from CGLS","6974","Tree-covered areas","2016","2016","1000 ha","81168.9933","FC","Calculated data"
"LC","Land Cover","44","Colombia","5006","Area from CGLS","6974","Tree-covered areas","2017","2017","1000 ha","81121.9543","FC","Calculated data"
"LC","Land Cover","44","Colombia","5006","Area from CGLS","6974","Tree-covered areas","2018","2018","1000 ha","81080.4051","FC","Calculated data"
"LC","Land Cover","44","Colombia","5006","Area from CGLS","6974","Tree-covered areas","2019","2019","1000 ha","81072.3918","FC","Calculated data"
"LC","Land Cover","44","Colombia","5007","Area from MODIS","6974","Tree-covered areas","2001","2001","1000 ha","100163.9529","FC","Calculated data"
"LC","Land Cover","44","Colombia","5007","Area from MODIS","6974","Tree-covered areas","2002","2002","1000 ha","100806.2889","FC","Calculated data"
"LC","Land Cover","44","Colombia","5007","Area from MODIS","6974","Tree-covered areas","2003","2003","1000 ha","101525.8462","FC","Calculated data"
"LC","Land Cover","44","Colombia","5007","Area from MODIS","6974","Tree-covered areas","2004","2004","1000 ha","102038.8418","FC","Calculated data"
"LC","Land Cover","44","Colombia","5007","Area from MODIS","6974","Tree-covered areas","2005","2005","1000 ha","101841.1455","FC","Calculated data"
"LC","Land Cover","44","Colombia","5007","Area from MODIS","6974","Tree-covered areas","2006","2006","1000 ha","102086.818","FC","Calculated data"
"LC","Land Cover","44","Colombia","5007","Area from MODIS","6974","Tree-covered areas","2007","2007","1000 ha","76856.2454","FC","Calculated data"
"LC","Land Cover","44","Colombia","5007","Area from MODIS","6974","Tree-covered areas","2008","2008","1000 ha","101352.3333","FC","Calculated data"
"LC","Land Cover","44","Colombia","5007","Area from MODIS","6974","Tree-covered areas","2009","2009","1000 ha","101619.7465","FC","Calculated data"
"LC","Land Cover","44","Colombia","5007","Area from MODIS","6974","Tree-covered areas","2010","2010","1000 ha","102163.5843","FC","Calculated data"
"LC","Land Cover","44","Colombia","5007","Area from MODIS","6974","Tree-covered areas","2011","2011","1000 ha","101421.9944","FC","Calculated data"
"LC","Land Cover","44","Colombia","5007","Area from MODIS","6974","Tree-covered areas","2012","2012","1000 ha","101343.7255","FC","Calculated data"
"LC","Land Cover","44","Colombia","5007","Area from MODIS","6974","Tree-covered areas","2013","2013","1000 ha","100411.171","FC","Calculated data"
"LC","Land Cover","44","Colombia","5007","Area from MODIS","6974","Tree-covered areas","2014","2014","1000 ha","99808.5725","FC","Calculated data"
"LC","Land Cover","44","Colombia","5007","Area from MODIS","6974","Tree-covered areas","2015","2015","1000 ha","99894.7537","FC","Calculated data"
"LC","Land Cover","44","Colombia","5007","Area from MODIS","6974","Tree-covered areas","2016","2016","1000 ha","100265.1086","FC","Calculated data"
"LC","Land Cover","44","Colombia","5007","Area from MODIS","6974","Tree-covered areas","2017","2017","1000 ha","100304.9321","FC","Calculated data"
"LC","Land Cover","44","Colombia","5007","Area from MODIS","6974","Tree-covered areas","2018","2018","1000 ha","99418.3875","FC","Calculated data"
"LC","Land Cover","44","Colombia","5007","Area from MODIS","6974","Tree-covered areas","2019","2019","1000 ha","99833.2926","FC","Calculated data"
"LC","Land Cover","44","Colombia","5007","Area from MODIS","6974","Tree-covered areas","2020","2020","1000 ha","99969.7297","FC","Calculated data"
"LC","Land Cover","44","Colombia","5008","Area from CCI_LC","6974","Tree-covered areas","1992","1992","1000 ha","76556.9361","FC","Calculated data"
"LC","Land Cover","44","Colombia","5008","Area from CCI_LC","6974","Tree-covered areas","1993","1993","1000 ha","76491.2778","FC","Calculated data"
"LC","Land Cover","44","Colombia","5008","Area from CCI_LC","6974","Tree-covered areas","1994","1994","1000 ha","76491.4638","FC","Calculated data"
"LC","Land Cover","44","Colombia","5008","Area from CCI_LC","6974","Tree-covered areas","1995","1995","1000 ha","76311.8401","FC","Calculated data"
"LC","Land Cover","44","Colombia","5008","Area from CCI_LC","6974","Tree-covered areas","1996","1996","1000 ha","76289.1693","FC","Calculated data"
"LC","Land Cover","44","Colombia","5008","Area from CCI_LC","6974","Tree-covered areas","1997","1997","1000 ha","76178.1748","FC","Calculated data"
"LC","Land Cover","44","Colombia","5008","Area from CCI_LC","6974","Tree-covered areas","1998","1998","1000 ha","75976.9328","FC","Calculated data"
"LC","Land Cover","44","Colombia","5008","Area from CCI_LC","6974","Tree-covered areas","1999","1999","1000 ha","75710.5064","FC","Calculated data"
"LC","Land Cover","44","Colombia","5008","Area from CCI_LC","6974","Tree-covered areas","2000","2000","1000 ha","75677.2621","FC","Calculated data"
"LC","Land Cover","44","Colombia","5008","Area from CCI_LC","6974","Tree-covered areas","2001","2001","1000 ha","75631.6012","FC","Calculated data"
"LC","Land Cover","44","Colombia","5008","Area from CCI_LC","6974","Tree-covered areas","2002","2002","1000 ha","75572.1546","FC","Calculated data"
"LC","Land Cover","44","Colombia","5008","Area from CCI_LC","6974","Tree-covered areas","2003","2003","1000 ha","75478.9968","FC","Calculated data"
"LC","Land Cover","44","Colombia","5008","Area from CCI_LC","6974","Tree-covered areas","2004","2004","1000 ha","74982.066","FC","Calculated data"
"LC","Land Cover","44","Colombia","5008","Area from CCI_LC","6974","Tree-covered areas","2005","2005","1000 ha","74984.7189","FC","Calculated data"
"LC","Land Cover","44","Colombia","5008","Area from CCI_LC","6974","Tree-covered areas","2006","2006","1000 ha","74987.9025","FC","Calculated data"
"LC","Land Cover","44","Colombia","5008","Area from CCI_LC","6974","Tree-covered areas","2007","2007","1000 ha","75075.1315","FC","Calculated data"
"LC","Land Cover","44","Colombia","5008","Area from CCI_LC","6974","Tree-covered areas","2008","2008","1000 ha","75110.2414","FC","Calculated data"
"LC","Land Cover","44","Colombia","5008","Area from CCI_LC","6974","Tree-covered areas","2009","2009","1000 ha","75149.791","FC","Calculated data"
"LC","Land Cover","44","Colombia","5008","Area from CCI_LC","6974","Tree-covered areas","2010","2010","1000 ha","75164.125","FC","Calculated data"
"LC","Land Cover","44","Colombia","5008","Area from CCI_LC","6974","Tree-covered areas","2011","2011","1000 ha","75164.2427","FC","Calculated data"
"LC","Land Cover","44","Colombia","5008","Area from CCI_LC","6974","Tree-covered areas","2012","2012","1000 ha","75171.0554","FC","Calculated data"
"LC","Land Cover","44","Colombia","5008","Area from CCI_LC","6974","Tree-covered areas","2013","2013","1000 ha","75207.5172","FC","Calculated data"
"LC","Land Cover","44","Colombia","5008","Area from CCI_LC","6974","Tree-covered areas","2014","2014","1000 ha","75339.9421","FC","Calculated data"
"LC","Land Cover","44","Colombia","5008","Area from CCI_LC","6974","Tree-covered areas","2015","2015","1000 ha","75340.1831","FC","Calculated data"
"LC","Land Cover","44","Colombia","5008","Area from CCI_LC","6974","Tree-covered areas","2016","2016","1000 ha","75292.6927","FC","Calculated data"
"LC","Land Cover","44","Colombia","5008","Area from CCI_LC","6974","Tree-covered areas","2017","2017","1000 ha","75261.8293","FC","Calculated data"
"LC","Land Cover","44","Colombia","5008","Area from CCI_LC","6974","Tree-covered areas","2018","2018","1000 ha","75266.9241","FC","Calculated data"
"LC","Land Cover","44","Colombia","5008","Area from CCI_LC","6974","Tree-covered areas","2019","2019","1000 ha","75211.6027","FC","Calculated data"
"LC","Land Cover","44","Colombia","5008","Area from CCI_LC","6974","Tree-covered areas","2020","2020","1000 ha","75169.039","FC","Calculated data"
"LC","Land Cover","44","Colombia","5006","Area from CGLS","6975","Mangroves","2015","2015","1000 ha","","NV","Data not available"
"LC","Land Cover","44","Colombia","5006","Area from CGLS","6975","Mangroves","2016","2016","1000 ha","","NV","Data not available"
"LC","Land Cover","44","Colombia","5006","Area from CGLS","6975","Mangroves","2017","2017","1000 ha","","NV","Data not available"
"LC","Land Cover","44","Colombia","5006","Area from CGLS","6975","Mangroves","2018","2018","1000 ha","","NV","Data not available"
"LC","Land Cover","44","Colombia","5006","Area from CGLS","6975","Mangroves","2019","2019","1000 ha","","NV","Data not available"
"LC","Land Cover","44","Colombia","5007","Area from MODIS","6975","Mangroves","2001","2001","1000 ha","548.2812","FC","Calculated data"
"LC","Land Cover","44","Colombia","5007","Area from MODIS","6975","Mangroves","2002","2002","1000 ha","561.6115","FC","Calculated data"
"LC","Land Cover","44","Colombia","5007","Area from MODIS","6975","Mangroves","2003","2003","1000 ha","598.3181","FC","Calculated data"
"LC","Land Cover","44","Colombia","5007","Area from MODIS","6975","Mangroves","2004","2004","1000 ha","656.0613","FC","Calculated data"
"LC","Land Cover","44","Colombia","5007","Area from MODIS","6975","Mangroves","2005","2005","1000 ha","709.8548","FC","Calculated data"
"LC","Land Cover","44","Colombia","5007","Area from MODIS","6975","Mangroves","2006","2006","1000 ha","743.7708","FC","Calculated data"
"LC","Land Cover","44","Colombia","5007","Area from MODIS","6975","Mangroves","2007","2007","1000 ha","607.0762","FC","Calculated data"
"LC","Land Cover","44","Colombia","5007","Area from MODIS","6975","Mangroves","2008","2008","1000 ha","745.574","FC","Calculated data"
"LC","Land Cover","44","Colombia","5007","Area from MODIS","6975","Mangroves","2009","2009","1000 ha","735.3562","FC","Calculated data"
"LC","Land Cover","44","Colombia","5007","Area from MODIS","6975","Mangroves","2010","2010","1000 ha","715.1354","FC","Calculated data"
"LC","Land Cover","44","Colombia","5007","Area from MODIS","6975","Mangroves","2011","2011","1000 ha","695.6014","FC","Calculated data"
"LC","Land Cover","44","Colombia","5007","Area from MODIS","6975","Mangroves","2012","2012","1000 ha","661.0843","FC","Calculated data"
"LC","Land Cover","44","Colombia","5007","Area from MODIS","6975","Mangroves","2013","2013","1000 ha","602.4396","FC","Calculated data"
"LC","Land Cover","44","Colombia","5007","Area from MODIS","6975","Mangroves","2014","2014","1000 ha","592.7799","FC","Calculated data"
"LC","Land Cover","44","Colombia","5007","Area from MODIS","6975","Mangroves","2015","2015","1000 ha","582.7339","FC","Calculated data"
"LC","Land Cover","44","Colombia","5007","Area from MODIS","6975","Mangroves","2016","2016","1000 ha","571.679","FC","Calculated data"
"LC","Land Cover","44","Colombia","5007","Area from MODIS","6975","Mangroves","2017","2017","1000 ha","605.316","FC","Calculated data"
"LC","Land Cover","44","Colombia","5007","Area from MODIS","6975","Mangroves","2018","2018","1000 ha","623.519","FC","Calculated data"
"LC","Land Cover","44","Colombia","5007","Area from MODIS","6975","Mangroves","2019","2019","1000 ha","616.7788","FC","Calculated data"
"LC","Land Cover","44","Colombia","5007","Area from MODIS","6975","Mangroves","2020","2020","1000 ha","603.0406","FC","Calculated data"
"LC","Land Cover","44","Colombia","5008","Area from CCI_LC","6975","Mangroves","1992","1992","1000 ha","345.8863","FC","Calculated data"
"LC","Land Cover","44","Colombia","5008","Area from CCI_LC","6975","Mangroves","1993","1993","1000 ha","345.8708","FC","Calculated data"
"LC","Land Cover","44","Colombia","5008","Area from CCI_LC","6975","Mangroves","1994","1994","1000 ha","345.8398","FC","Calculated data"
"LC","Land Cover","44","Colombia","5008","Area from CCI_LC","6975","Mangroves","1995","1995","1000 ha","356.0162","FC","Calculated data"
"LC","Land Cover","44","Colombia","5008","Area from CCI_LC","6975","Mangroves","1996","1996","1000 ha","357.45","FC","Calculated data"
"LC","Land Cover","44","Colombia","5008","Area from CCI_LC","6975","Mangroves","1997","1997","1000 ha","359.1938","FC","Calculated data"
"LC","Land Cover","44","Colombia","5008","Area from CCI_LC","6975","Mangroves","1998","1998","1000 ha","360.4029","FC","Calculated data"
"LC","Land Cover","44","Colombia","5008","Area from CCI_LC","6975","Mangroves","1999","1999","1000 ha","361.1082","FC","Calculated data"
"LC","Land Cover","44","Colombia","5008","Area from CCI_LC","6975","Mangroves","2000","2000","1000 ha","361.7127","FC","Calculated data"
"LC","Land Cover","44","Colombia","5008","Area from CCI_LC","6975","Mangroves","2001","2001","1000 ha","362.4103","FC","Calculated data"
"LC","Land Cover","44","Colombia","5008","Area from CCI_LC","6975","Mangroves","2002","2002","1000 ha","363.4101","FC","Calculated data"
"LC","Land Cover","44","Colombia","5008","Area from CCI_LC","6975","Mangroves","2003","2003","1000 ha","363.5806","FC","Calculated data"
"LC","Land Cover","44","Colombia","5008","Area from CCI_LC","6975","Mangroves","2004","2004","1000 ha","364.4796","FC","Calculated data"
"LC","Land Cover","44","Colombia","5008","Area from CCI_LC","6975","Mangroves","2005","2005","1000 ha","364.8516","FC","Calculated data"
"LC","Land Cover","44","Colombia","5008","Area from CCI_LC","6975","Mangroves","2006","2006","1000 ha","367.0915","FC","Calculated data"
"LC","Land Cover","44","Colombia","5008","Area from CCI_LC","6975","Mangroves","2007","2007","1000 ha","370.2769","FC","Calculated data"
"LC","Land Cover","44","Colombia","5008","Area from CCI_LC","6975","Mangroves","2008","2008","1000 ha","372.6098","FC","Calculated data"
"LC","Land Cover","44","Colombia","5008","Area from CCI_LC","6975","Mangroves","2009","2009","1000 ha","373.2299","FC","Calculated data"
"LC","Land Cover","44","Colombia","5008","Area from CCI_LC","6975","Mangroves","2010","2010","1000 ha","373.8266","FC","Calculated data"
"LC","Land Cover","44","Colombia","5008","Area from CCI_LC","6975","Mangroves","2011","2011","1000 ha","374.0747","FC","Calculated data"
"LC","Land Cover","44","Colombia","5008","Area from CCI_LC","6975","Mangroves","2012","2012","1000 ha","376.6556","FC","Calculated data"
"LC","Land Cover","44","Colombia","5008","Area from CCI_LC","6975","Mangroves","2013","2013","1000 ha","376.1518","FC","Calculated data"
"LC","Land Cover","44","Colombia","5008","Area from CCI_LC","6975","Mangroves","2014","2014","1000 ha","375.1132","FC","Calculated data"
"LC","Land Cover","44","Colombia","5008","Area from CCI_LC","6975","Mangroves","2015","2015","1000 ha","375.09","FC","Calculated data"
"LC","Land Cover","44","Colombia","5008","Area from CCI_LC","6975","Mangroves","2016","2016","1000 ha","375.1597","FC","Calculated data"
"LC","Land Cover","44","Colombia","5008","Area from CCI_LC","6975","Mangroves","2017","2017","1000 ha","375.0512","FC","Calculated data"
"LC","Land Cover","44","Colombia","5008","Area from CCI_LC","6975","Mangroves","2018","2018","1000 ha","374.966","FC","Calculated data"
"LC","Land Cover","44","Colombia","5008","Area from CCI_LC","6975","Mangroves","2019","2019","1000 ha","374.9892","FC","Calculated data"
"LC","Land Cover","44","Colombia","5008","Area from CCI_LC","6975","Mangroves","2020","2020","1000 ha","374.0747","FC","Calculated data"
"LC","Land Cover","44","Colombia","5006","Area from CGLS","6976","Shrub-covered areas","2015","2015","1000 ha","1477.3924","FC","Calculated data"
"LC","Land Cover","44","Colombia","5006","Area from CGLS","6976","Shrub-covered areas","2016","2016","1000 ha","1455.9601","FC","Calculated data"
"LC","Land Cover","44","Colombia","5006","Area from CGLS","6976","Shrub-covered areas","2017","2017","1000 ha","1437.3824","FC","Calculated data"
"LC","Land Cover","44","Colombia","5006","Area from CGLS","6976","Shrub-covered areas","2018","2018","1000 ha","1428.1711","FC","Calculated data"
"LC","Land Cover","44","Colombia","5006","Area from CGLS","6976","Shrub-covered areas","2019","2019","1000 ha","1425.1315","FC","Calculated data"
"LC","Land Cover","44","Colombia","5007","Area from MODIS","6976","Shrub-covered areas","2001","2001","1000 ha","433.3615","FC","Calculated data"
"LC","Land Cover","44","Colombia","5007","Area from MODIS","6976","Shrub-covered areas","2002","2002","1000 ha","402.9744","FC","Calculated data"
"LC","Land Cover","44","Colombia","5007","Area from MODIS","6976","Shrub-covered areas","2003","2003","1000 ha","378.9799","FC","Calculated data"
"LC","Land Cover","44","Colombia","5007","Area from MODIS","6976","Shrub-covered areas","2004","2004","1000 ha","360.326","FC","Calculated data"
"LC","Land Cover","44","Colombia","5007","Area from MODIS","6976","Shrub-covered areas","2005","2005","1000 ha","374.9529","FC","Calculated data"
"LC","Land Cover","44","Colombia","5007","Area from MODIS","6976","Shrub-covered areas","2006","2006","1000 ha","402.1673","FC","Calculated data"
"LC","Land Cover","44","Colombia","5007","Area from MODIS","6976","Shrub-covered areas","2007","2007","1000 ha","333.4508","FC","Calculated data"
"LC","Land Cover","44","Colombia","5007","Area from MODIS","6976","Shrub-covered areas","2008","2008","1000 ha","322.5332","FC","Calculated data"
"LC","Land Cover","44","Colombia","5007","Area from MODIS","6976","Shrub-covered areas","2009","2009","1000 ha","362.0047","FC","Calculated data"
"LC","Land Cover","44","Colombia","5007","Area from MODIS","6976","Shrub-covered areas","2010","2010","1000 ha","342.02","FC","Calculated data"
"LC","Land Cover","44","Colombia","5007","Area from MODIS","6976","Shrub-covered areas","2011","2011","1000 ha","345.7636","FC","Calculated data"
"LC","Land Cover","44","Colombia","5007","Area from MODIS","6976","Shrub-covered areas","2012","2012","1000 ha","365.1344","FC","Calculated data"
"LC","Land Cover","44","Colombia","5007","Area from MODIS","6976","Shrub-covered areas","2013","2013","1000 ha","406.9628","FC","Calculated data"
"LC","Land Cover","44","Colombia","5007","Area from MODIS","6976","Shrub-covered areas","2014","2014","1000 ha","452.2687","FC","Calculated data"
"LC","Land Cover","44","Colombia","5007","Area from MODIS","6976","Shrub-covered areas","2015","2015","1000 ha","462.7483","FC","Calculated data"
"LC","Land Cover","44","Colombia","5007","Area from MODIS","6976","Shrub-covered areas","2016","2016","1000 ha","440.2263","FC","Calculated data"
"LC","Land Cover","44","Colombia","5007","Area from MODIS","6976","Shrub-covered areas","2017","2017","1000 ha","449.0488","FC","Calculated data"
"LC","Land Cover","44","Colombia","5007","Area from MODIS","6976","Shrub-covered areas","2018","2018","1000 ha","426.5225","FC","Calculated data"
"LC","Land Cover","44","Colombia","5007","Area from MODIS","6976","Shrub-covered areas","2019","2019","1000 ha","422.3753","FC","Calculated data"
"LC","Land Cover","44","Colombia","5007","Area from MODIS","6976","Shrub-covered areas","2020","2020","1000 ha","378.4261","FC","Calculated data"
"LC","Land Cover","44","Colombia","5008","Area from CCI_LC","6976","Shrub-covered areas","1992","1992","1000 ha","6920.239","FC","Calculated data"
"LC","Land Cover","44","Colombia","5008","Area from CCI_LC","6976","Shrub-covered areas","1993","1993","1000 ha","6931.066","FC","Calculated data"
"LC","Land Cover","44","Colombia","5008","Area from CCI_LC","6976","Shrub-covered areas","1994","1994","1000 ha","6930.8226","FC","Calculated data"
"LC","Land Cover","44","Colombia","5008","Area from CCI_LC","6976","Shrub-covered areas","1995","1995","1000 ha","6973.3489","FC","Calculated data"
"LC","Land Cover","44","Colombia","5008","Area from CCI_LC","6976","Shrub-covered areas","1996","1996","1000 ha","6974.1894","FC","Calculated data"
"LC","Land Cover","44","Colombia","5008","Area from CCI_LC","6976","Shrub-covered areas","1997","1997","1000 ha","7008.8904","FC","Calculated data"
"LC","Land Cover","44","Colombia","5008","Area from CCI_LC","6976","Shrub-covered areas","1998","1998","1000 ha","7083.6813","FC","Calculated data"
"LC","Land Cover","44","Colombia","5008","Area from CCI_LC","6976","Shrub-covered areas","1999","1999","1000 ha","7148.0894","FC","Calculated data"
"LC","Land Cover","44","Colombia","5008","Area from CCI_LC","6976","Shrub-covered areas","2000","2000","1000 ha","7173.8673","FC","Calculated data"
"LC","Land Cover","44","Colombia","5008","Area from CCI_LC","6976","Shrub-covered areas","2001","2001","1000 ha","7198.4652","FC","Calculated data"
"LC","Land Cover","44","Colombia","5008","Area from CCI_LC","6976","Shrub-covered areas","2002","2002","1000 ha","7228.0661","FC","Calculated data"
"LC","Land Cover","44","Colombia","5008","Area from CCI_LC","6976","Shrub-covered areas","2003","2003","1000 ha","7259.7851","FC","Calculated data"
"LC","Land Cover","44","Colombia","5008","Area from CCI_LC","6976","Shrub-covered areas","2004","2004","1000 ha","7403.1472","FC","Calculated data"
"LC","Land Cover","44","Colombia","5008","Area from CCI_LC","6976","Shrub-covered areas","2005","2005","1000 ha","7410.8775","FC","Calculated data"
"LC","Land Cover","44","Colombia","5008","Area from CCI_LC","6976","Shrub-covered areas","2006","2006","1000 ha","7416.0862","FC","Calculated data"
"LC","Land Cover","44","Colombia","5008","Area from CCI_LC","6976","Shrub-covered areas","2007","2007","1000 ha","7392.3815","FC","Calculated data"
"LC","Land Cover","44","Colombia","5008","Area from CCI_LC","6976","Shrub-covered areas","2008","2008","1000 ha","7402.2796","FC","Calculated data"
"LC","Land Cover","44","Colombia","5008","Area from CCI_LC","6976","Shrub-covered areas","2009","2009","1000 ha","7392.6772","FC","Calculated data"
"LC","Land Cover","44","Colombia","5008","Area from CCI_LC","6976","Shrub-covered areas","2010","2010","1000 ha","7393.0728","FC","Calculated data"
"LC","Land Cover","44","Colombia","5008","Area from CCI_LC","6976","Shrub-covered areas","2011","2011","1000 ha","7396.6105","FC","Calculated data"
"LC","Land Cover","44","Colombia","5008","Area from CCI_LC","6976","Shrub-covered areas","2012","2012","1000 ha","7394.4338","FC","Calculated data"
"LC","Land Cover","44","Colombia","5008","Area from CCI_LC","6976","Shrub-covered areas","2013","2013","1000 ha","7384.0071","FC","Calculated data"
"LC","Land Cover","44","Colombia","5008","Area from CCI_LC","6976","Shrub-covered areas","2014","2014","1000 ha","7339.2123","FC","Calculated data"
"LC","Land Cover","44","Colombia","5008","Area from CCI_LC","6976","Shrub-covered areas","2015","2015","1000 ha","7338.578","FC","Calculated data"
"LC","Land Cover","44","Colombia","5008","Area from CCI_LC","6976","Shrub-covered areas","2016","2016","1000 ha","7374.2931","FC","Calculated data"
"LC","Land Cover","44","Colombia","5008","Area from CCI_LC","6976","Shrub-covered areas","2017","2017","1000 ha","7382.4164","FC","Calculated data"
"LC","Land Cover","44","Colombia","5008","Area from CCI_LC","6976","Shrub-covered areas","2018","2018","1000 ha","7373.4724","FC","Calculated data"
"LC","Land Cover","44","Colombia","5008","Area from CCI_LC","6976","Shrub-covered areas","2019","2019","1000 ha","7378.4404","FC","Calculated data"
"LC","Land Cover","44","Colombia","5008","Area from CCI_LC","6976","Shrub-covered areas","2020","2020","1000 ha","7392.7314","FC","Calculated data"
"LC","Land Cover","44","Colombia","5006","Area from CGLS","6978","Sparsely natural vegetated areas","2015","2015","1000 ha","","NV","Data not available"
"LC","Land Cover","44","Colombia","5006","Area from CGLS","6978","Sparsely natural vegetated areas","2016","2016","1000 ha","","NV","Data not available"
"LC","Land Cover","44","Colombia","5006","Area from CGLS","6978","Sparsely natural vegetated areas","2017","2017","1000 ha","","NV","Data not available"
"LC","Land Cover","44","Colombia","5006","Area from CGLS","6978","Sparsely natural vegetated areas","2018","2018","1000 ha","","NV","Data not available"
"LC","Land Cover","44","Colombia","5006","Area from CGLS","6978","Sparsely natural vegetated areas","2019","2019","1000 ha","","NV","Data not available"
"LC","Land Cover","44","Colombia","5007","Area from MODIS","6978","Sparsely natural vegetated areas","2001","2001","1000 ha","","NV","Data not available"
"LC","Land Cover","44","Colombia","5007","Area from MODIS","6978","Sparsely natural vegetated areas","2002","2002","1000 ha","","NV","Data not available"
"LC","Land Cover","44","Colombia","5007","Area from MODIS","6978","Sparsely natural vegetated areas","2003","2003","1000 ha","","NV","Data not available"
"LC","Land Cover","44","Colombia","5007","Area from MODIS","6978","Sparsely natural vegetated areas","2004","2004","1000 ha","","NV","Data not available"
"LC","Land Cover","44","Colombia","5007","Area from MODIS","6978","Sparsely natural vegetated areas","2005","2005","1000 ha","","NV","Data not available"
"LC","Land Cover","44","Colombia","5007","Area from MODIS","6978","Sparsely natural vegetated areas","2006","2006","1000 ha","","NV","Data not available"
"LC","Land Cover","44","Colombia","5007","Area from MODIS","6978","Sparsely natural vegetated areas","2007","2007","1000 ha","","NV","Data not available"
"LC","Land Cover","44","Colombia","5007","Area from MODIS","6978","Sparsely natural vegetated areas","2008","2008","1000 ha","","NV","Data not available"
"LC","Land Cover","44","Colombia","5007","Area from MODIS","6978","Sparsely natural vegetated areas","2009","2009","1000 ha","","NV","Data not available"
"LC","Land Cover","44","Colombia","5007","Area from MODIS","6978","Sparsely natural vegetated areas","2010","2010","1000 ha","","NV","Data not available"
"LC","Land Cover","44","Colombia","5007","Area from MODIS","6978","Sparsely natural vegetated areas","2011","2011","1000 ha","","NV","Data not available"
"LC","Land Cover","44","Colombia","5007","Area from MODIS","6978","Sparsely natural vegetated areas","2012","2012","1000 ha","","NV","Data not available"
"LC","Land Cover","44","Colombia","5007","Area from MODIS","6978","Sparsely natural vegetated areas","2013","2013","1000 ha","","NV","Data not available"
"LC","Land Cover","44","Colombia","5007","Area from MODIS","6978","Sparsely natural vegetated areas","2014","2014","1000 ha","","NV","Data not available"
"LC","Land Cover","44","Colombia","5007","Area from MODIS","6978","Sparsely natural vegetated areas","2015","2015","1000 ha","","NV","Data not available"
"LC","Land Cover","44","Colombia","5007","Area from MODIS","6978","Sparsely natural vegetated areas","2016","2016","1000 ha","","NV","Data not available"
"LC","Land Cover","44","Colombia","5007","Area from MODIS","6978","Sparsely natural vegetated areas","2017","2017","1000 ha","","NV","Data not available"
"LC","Land Cover","44","Colombia","5007","Area from MODIS","6978","Sparsely natural vegetated areas","2018","2018","1000 ha","","NV","Data not available"
"LC","Land Cover","44","Colombia","5007","Area from MODIS","6978","Sparsely natural vegetated areas","2019","2019","1000 ha","","NV","Data not available"
"LC","Land Cover","44","Colombia","5007","Area from MODIS","6978","Sparsely natural vegetated areas","2020","2020","1000 ha","","NV","Data not available"
"LC","Land Cover","44","Colombia","5008","Area from CCI_LC","6978","Sparsely natural vegetated areas","1992","1992","1000 ha","578.1436","FC","Calculated data"
"LC","Land Cover","44","Colombia","5008","Area from CCI_LC","6978","Sparsely natural vegetated areas","1993","1993","1000 ha","578.0971","FC","Calculated data"
"LC","Land Cover","44","Colombia","5008","Area from CCI_LC","6978","Sparsely natural vegetated areas","1994","1994","1000 ha","578.0041","FC","Calculated data"
"LC","Land Cover","44","Colombia","5008","Area from CCI_LC","6978","Sparsely natural vegetated areas","1995","1995","1000 ha","575.9037","FC","Calculated data"
"LC","Land Cover","44","Colombia","5008","Area from CCI_LC","6978","Sparsely natural vegetated areas","1996","1996","1000 ha","575.6867","FC","Calculated data"
"LC","Land Cover","44","Colombia","5008","Area from CCI_LC","6978","Sparsely natural vegetated areas","1997","1997","1000 ha","575.7719","FC","Calculated data"
"LC","Land Cover","44","Colombia","5008","Area from CCI_LC","6978","Sparsely natural vegetated areas","1998","1998","1000 ha","571.6642","FC","Calculated data"
"LC","Land Cover","44","Colombia","5008","Area from CCI_LC","6978","Sparsely natural vegetated areas","1999","1999","1000 ha","569.3468","FC","Calculated data"
"LC","Land Cover","44","Colombia","5008","Area from CCI_LC","6978","Sparsely natural vegetated areas","2000","2000","1000 ha","564.0533","FC","Calculated data"
"LC","Land Cover","44","Colombia","5008","Area from CCI_LC","6978","Sparsely natural vegetated areas","2001","2001","1000 ha","559.5813","FC","Calculated data"
"LC","Land Cover","44","Colombia","5008","Area from CCI_LC","6978","Sparsely natural vegetated areas","2002","2002","1000 ha","559.4573","FC","Calculated data"
"LC","Land Cover","44","Colombia","5008","Area from CCI_LC","6978","Sparsely natural vegetated areas","2003","2003","1000 ha","557.6359","FC","Calculated data"
"LC","Land Cover","44","Colombia","5008","Area from CCI_LC","6978","Sparsely natural vegetated areas","2004","2004","1000 ha","550.5288","FC","Calculated data"
"LC","Land Cover","44","Colombia","5008","Area from CCI_LC","6978","Sparsely natural vegetated areas","2005","2005","1000 ha","545.553","FC","Calculated data"
"LC","Land Cover","44","Colombia","5008","Area from CCI_LC","6978","Sparsely natural vegetated areas","2006","2006","1000 ha","540.585","FC","Calculated data"
"LC","Land Cover","44","Colombia","5008","Area from CCI_LC","6978","Sparsely natural vegetated areas","2007","2007","1000 ha","540.6005","FC","Calculated data"
"LC","Land Cover","44","Colombia","5008","Area from CCI_LC","6978","Sparsely natural vegetated areas","2008","2008","1000 ha","541.949","FC","Calculated data"
"LC","Land Cover","44","Colombia","5008","Area from CCI_LC","6978","Sparsely natural vegetated areas","2009","2009","1000 ha","538.1591","FC","Calculated data"
"LC","Land Cover","44","Colombia","5008","Area from CCI_LC","6978","Sparsely natural vegetated areas","2010","2010","1000 ha","532.757","FC","Calculated data"
"LC","Land Cover","44","Colombia","5008","Area from CCI_LC","6978","Sparsely natural vegetated areas","2011","2011","1000 ha","532.7648","FC","Calculated data"
"LC","Land Cover","44","Colombia","5008","Area from CCI_LC","6978","Sparsely natural vegetated areas","2012","2012","1000 ha","533.005","FC","Calculated data"
"LC","Land Cover","44","Colombia","5008","Area from CCI_LC","6978","Sparsely natural vegetated areas","2013","2013","1000 ha","532.943","FC","Calculated data"
"LC","Land Cover","44","Colombia","5008","Area from CCI_LC","6978","Sparsely natural vegetated areas","2014","2014","1000 ha","540.337","FC","Calculated data"
"LC","Land Cover","44","Colombia","5008","Area from CCI_LC","6978","Sparsely natural vegetated areas","2015","2015","1000 ha","540.2905","FC","Calculated data"
"LC","Land Cover","44","Colombia","5008","Area from CCI_LC","6978","Sparsely natural vegetated areas","2016","2016","1000 ha","540.6392","FC","Calculated data"
"LC","Land Cover","44","Colombia","5008","Area from CCI_LC","6978","Sparsely natural vegetated areas","2017","2017","1000 ha","540.399","FC","Calculated data"
"LC","Land Cover","44","Colombia","5008","Area from CCI_LC","6978","Sparsely natural vegetated areas","2018","2018","1000 ha","541.1198","FC","Calculated data"
"LC","Land Cover","44","Colombia","5008","Area from CCI_LC","6978","Sparsely natural vegetated areas","2019","2019","1000 ha","540.9337","FC","Calculated data"
"LC","Land Cover","44","Colombia","5008","Area from CCI_LC","6978","Sparsely natural vegetated areas","2020","2020","1000 ha","541.3833","FC","Calculated data"
